Alignment,Armor Class,CHA,CON,CR,DEX,Hit Points,INT,STR,Speed,Type,WIS
,-0.7077811301764481,0.16249849631532035,-1.1487887376572377,-0.7687062413218729,0.380835262113056,-0.7223116626169824,0.4550484620647671,-0.7867336182987863,,,0.08991992117731316
,0.8765824875825462,1.4270322494599952,-0.001072631874563209,0.9733675595259585,-1.2171793671456492,0.6094759706883974,1.7232579433168997,0.9352291315620623,,,1.1116648662363424
,0.24283704047894847,-0.1987968617260153,1.605729916221181,0.7946933235415656,-0.8975764412939082,0.6313085548409447,0.09270289599272924,1.4048553360695664,,,0.4305015695303229
,-1.3415265772800458,0.16249849631532035,-1.1487887376572377,-0.7687062413218729,-0.8975764412939082,-0.7659768309220769,0.2738756790287482,-0.7867336182987863,,,0.7710832178833327
,1.5103279346861438,1.2463845704393273,1.3761866950646462,1.6880645034635304,0.380835262113056,1.2644534952648139,0.998566811172824,1.2483132679003983,,,0.4305015695303229
,1.5103279346861438,1.6076799284806629,1.835273137377716,2.2240872114167094,-0.8975764412939082,1.5919422575530222,1.360912377244862,1.5613974042387344,,,1.1116648662363424
,1.5103279346861438,1.6076799284806629,1.835273137377716,2.0454129754323165,-0.8975764412939082,1.5919422575530222,1.360912377244862,1.5613974042387344,,,1.1116648662363424
,1.193455211134345,1.2463845704393273,1.3761866950646462,1.5093902674791373,-0.8975764412939082,1.013378777510521,0.998566811172824,1.2483132679003983,,,0.4305015695303229
,1.5103279346861438,1.6076799284806629,1.835273137377716,1.8667387394479233,-0.8975764412939082,1.4500304605614653,1.360912377244862,1.5613974042387344,,,1.1116648662363424
,1.193455211134345,1.2463845704393273,1.3761866950646462,1.6880645034635304,-0.2583705895904261,1.144374282425804,1.7232579433168997,1.2483132679003983,,,1.1116648662363424
,1.5103279346861438,2.510918323584002,2.2943595796907856,2.2240872114167094,0.380835262113056,1.9303473119175039,1.360912377244862,1.8744815405770707,,,1.1116648662363424
,1.5103279346861438,1.2463845704393273,1.3761866950646462,1.8667387394479233,-0.2583705895904261,1.3954490001800972,1.7232579433168997,1.2483132679003983,,,1.1116648662363424
,1.5103279346861438,1.9689752865219985,2.2943595796907856,2.2240872114167094,-0.8975764412939082,1.9303473119175039,1.360912377244862,1.8744815405770707,,,0.4305015695303229
,1.5103279346861438,1.9689752865219985,2.2943595796907856,2.0454129754323165,-0.8975764412939082,1.788435514925947,1.360912377244862,1.8744815405770707,,,0.4305015695303229
,1.193455211134345,0.3431461753359882,1.605729916221181,1.5093902674791373,-0.8975764412939082,1.3190349556461818,-0.0884698870432897,1.0917711997312303,,,0.08991992117731316
,0.24283704047894847,-0.7407398987880187,-0.2306158530310981,0.07999637960399368,2.2984528172235024,0.1182428272560852,-0.45081545311532756,-0.1605653456221141,,,-0.5912433755287064
,-0.3909084066246492,-0.9213875778086865,0.4580138104385066,-0.4560263283491853,0.06123233626131497,-0.3074925637185854,-1.1755065852594033,0.6221449952237261,,,0.08991992117731316
,2.4609461053415402,1.6076799284806629,2.2943595796907856,2.938784155354281,0.380835262113056,3.142055732383874,1.360912377244862,1.8744815405770707,,,1.1116648662363424
,2.4609461053415402,1.9689752865219985,2.7534460220038555,3.2961326273230673,-0.8975764412939082,4.386513029079065,1.7232579433168997,2.1875656769154066,,,1.7928281629423621
,1.8272006582379428,1.6076799284806629,2.2943595796907856,2.760109919369888,-0.8975764412939082,2.377915287044722,1.360912377244862,1.8744815405770707,,,1.1116648662363424
,2.4609461053415402,1.9689752865219985,2.7534460220038555,3.1174583913386744,-0.8975764412939082,3.982610222256942,1.7232579433168997,2.1875656769154066,,,1.7928281629423621
,2.1440733817897417,1.6076799284806629,2.2943595796907856,2.938784155354281,-0.2583705895904261,2.956478767087223,2.0856035093889376,1.8744815405770707,,,1.7928281629423621
,2.4609461053415402,3.2335090396666737,3.2125324643169253,3.4748068633074602,0.380835262113056,5.096072014036849,1.7232579433168997,2.3441077450845746,,,1.7928281629423621
,2.1440733817897417,1.6076799284806629,2.2943595796907856,3.1174583913386744,-0.2583705895904261,3.338548989756799,2.0856035093889376,1.8744815405770707,,,1.7928281629423621
,2.4609461053415402,2.3302706445633343,3.2125324643169253,3.4748068633074602,-0.8975764412939082,5.096072014036849,1.7232579433168997,2.3441077450845746,,,1.1116648662363424
,2.4609461053415402,2.3302706445633343,3.2125324643169253,3.2961326273230673,-0.8975764412939082,4.452010781536707,1.7232579433168997,2.3441077450845746,,,1.1116648662363424
,1.8272006582379428,0.7044415333773238,2.5239028008473205,2.760109919369888,-0.8975764412939082,2.7709018017905716,0.2738756790287482,1.7179394724079027,,,0.4305015695303229
,0.8765824875825462,2.3302706445633343,1.1466434739081113,2.2240872114167094,-0.8975764412939082,1.3081186635699082,1.360912377244862,1.0917711997312303,,,2.1334098112953717
,1.193455211134345,-1.6439782938913579,-0.460159074187633,-0.6347005643335782,-0.5779735154421671,-0.5039858210915104,-1.3566793682954223,-0.1605653456221141,,,-2.975314913999775
,-0.07403568307285038,-0.7407398987880187,-0.460159074187633,-0.4560263283491853,-0.5779735154421671,-0.4384880686338687,-1.3566793682954223,0.3090608588853901,,,0.4305015695303229
,0.24283704047894847,-0.9213875778086865,-0.001072631874563209,-0.2773520923647923,-0.5779735154421671,-0.12191559842193413,-1.1755065852594033,0.6221449952237261,,,0.08991992117731316
,-0.7077811301764481,-0.5600922197673509,-0.2306158530310981,-0.7240376823257747,0.380835262113056,-0.6568139101593409,-0.45081545311532756,0.152518790716222,,,0.08991992117731316
,0.8765824875825462,1.2463845704393273,-0.2306158530310981,1.3307160314947446,-0.2583705895904261,0.27107091632391567,2.0856035093889376,0.3090608588853901,,,1.4522465145893524
,-0.7077811301764481,1.0657368914186596,-0.6897022953441679,1.3307160314947446,0.380835262113056,0.21648945594254765,2.0856035093889376,-0.7867336182987863,,,1.1116648662363424
,0.24283704047894847,-0.018149182705347464,-0.2306158530310981,0.6160190875571726,1.0200411138165382,-0.012752677659198073,0.817394028136805,-0.6301915501296182,,,-0.2506617271756966
,-1.6583993008318447,-0.7407398987880187,-0.9192455165007027,-0.8133748003179713,-1.5367822929973902,-0.7550605388458033,0.2738756790287482,-1.8825280954829626,,,-0.5912433755287064
,-0.3909084066246492,-0.5600922197673509,-0.001072631874563209,-0.4560263283491853,-2.1759881447008724,-0.22016222710839659,0.2738756790287482,0.6221449952237261,,,-0.5912433755287064
,-1.024653853728247,-0.9213875778086865,-0.6897022953441679,-0.7687062413218729,-0.2583705895904261,-0.6568139101593409,-1.1755065852594033,-0.1605653456221141,,,-0.5912433755287064
,0.8765824875825462,-0.018149182705347464,-0.001072631874563209,-0.4560263283491853,-0.2583705895904261,-0.4384880686338687,0.636221245100786,0.3090608588853901,,,0.4305015695303229
,-0.7077811301764481,-0.7407398987880187,-0.9192455165007027,-0.8133748003179713,0.380835262113056,-0.8314745833797185,-0.8131610191873655,-1.0998177546371224,,,0.08991992117731316
,-1.3415265772800458,-0.9213875778086865,-0.6897022953441679,-0.8133748003179713,-0.5779735154421671,-0.8314745833797185,-1.1755065852594033,-1.7259860273137946,,,0.08991992117731316
,1.5103279346861438,2.149622965542666,1.605729916221181,2.5814356833854952,0.7004381879647971,1.9958450643751455,2.0856035093889376,1.7179394724079027,,,1.4522465145893524
,-0.7077811301764481,-0.018149182705347464,-0.6897022953441679,-0.7910405208199222,-0.2583705895904261,-0.7441442467695297,0.2738756790287482,-0.6301915501296182,,,-0.5912433755287064
,0.24283704047894847,0.7044415333773238,-0.2306158530310981,-0.4560263283491853,1.0200411138165382,-0.15466447465075495,0.998566811172824,-0.004023277452946043,,,-0.2506617271756966
,-0.7077811301764481,1.2463845704393273,-1.1487887376572377,-0.0986778563803993,0.380835262113056,-0.2310785191846702,0.636221245100786,-2.1956122318212987,,,-0.2506617271756966
,0.24283704047894847,0.7044415333773238,0.6875570315950414,0.07999637960399368,1.3396440396682792,0.33656866878155733,0.636221245100786,0.152518790716222,,,0.7710832178833327
,0.24283704047894847,-0.1987968617260153,0.2284705892819717,0.07999637960399368,0.7004381879647971,-0.12191559842193413,-0.26964267007930864,0.46560292705455814,,,0.7710832178833327
,0.24283704047894847,-0.5600922197673509,-0.001072631874563209,-0.2773520923647923,-1.5367822929973902,-0.2965762716423118,-1.1755065852594033,0.152518790716222,,,-1.272406672234726
,-0.7077811301764481,-1.1020352568293543,-1.6078751799703075,-0.8133748003179713,0.7004381879647971,-0.8533071675322658,-1.1755065852594033,-2.0390701636521307,,,0.08991992117731316
,-0.3909084066246492,0.16249849631532035,-0.001072631874563209,-0.2773520923647923,0.7004381879647971,-0.2965762716423118,0.09270289599272924,0.152518790716222,,,-0.2506617271756966
,0.8765824875825462,0.3431461753359882,0.6875570315950414,1.1520417955103515,1.0200411138165382,0.9697136092054265,-0.26964267007930864,1.2483132679003983,,,0.7710832178833327
,1.193455211134345,1.2463845704393273,0.6875570315950414,1.5093902674791373,0.380835262113056,1.1007091141207097,1.5420851602808807,-0.7867336182987863,,,1.1116648662363424
,0.24283704047894847,-0.9213875778086865,0.2284705892819717,0.07999637960399368,-1.5367822929973902,0.150991703484906,-0.9943338022233844,-0.7867336182987863,,,-1.272406672234726
,-0.3909084066246492,-0.1987968617260153,0.4580138104385066,-0.4560263283491853,-0.2583705895904261,-0.13283189049820773,0.09270289599272924,0.152518790716222,,,-0.2506617271756966
,-1.024653853728247,-0.5600922197673509,-0.2306158530310981,-0.7240376823257747,-0.8975764412939082,-0.6568139101593409,-1.1755065852594033,-0.004023277452946043,,,0.08991992117731316
,0.8765824875825462,0.523793854356656,-0.460159074187633,-0.4560263283491853,0.380835262113056,-0.5039858210915104,0.2738756790287482,-0.004023277452946043,,,-0.2506617271756966
,-2.2921447479354424,-1.6439782938913579,0.2284705892819717,-0.0986778563803993,-2.4955910705526136,0.06366136687471717,-1.3566793682954223,0.152518790716222,,,-1.9535699689407455
,-0.3909084066246492,0.16249849631532035,-0.6897022953441679,-0.7687062413218729,1.3396440396682792,-0.62406503393052,0.2738756790287482,-0.4736494819604502,,,0.4305015695303229
,-0.7077811301764481,-0.9213875778086865,-1.1487887376572377,-0.7910405208199222,0.380835262113056,-0.7878094150746241,-0.9943338022233844,-1.4129018909754585,,,0.7710832178833327
,0.8765824875825462,0.8850892123979917,-0.001072631874563209,-0.2773520923647923,-0.8975764412939082,-0.2965762716423118,0.636221245100786,0.3090608588853901,,,-0.2506617271756966
,0.24283704047894847,-0.1987968617260153,0.6875570315950414,0.43734485157277964,0.7004381879647971,0.4784804657731142,-0.26964267007930864,0.7786870633928943,,,-1.6129883205877358
,-1.024653853728247,-0.9213875778086865,-0.6897022953441679,-0.7687062413218729,-0.5779735154421671,-0.7441442467695297,-1.1755065852594033,-0.31710741379128216,,,-0.9318250238817162
,1.5103279346861438,1.0657368914186596,0.6875570315950414,0.7946933235415656,1.0200411138165382,0.6858900152223127,0.817394028136805,0.46560292705455814,,,0.7710832178833327
,0.24283704047894847,1.0657368914186596,-0.6897022953441679,-0.0986778563803993,1.0200411138165382,-0.2310785191846702,1.179739594208843,-0.004023277452946043,,,1.1116648662363424
,0.5597097640307473,0.523793854356656,-0.460159074187633,-0.6347005643335782,-0.8975764412939082,-0.6895627863881616,0.2738756790287482,-0.004023277452946043,,,-0.2506617271756966
,0.8765824875825462,0.8850892123979917,-0.001072631874563209,-0.4560263283491853,-0.8975764412939082,-0.5149021131677839,0.636221245100786,0.3090608588853901,,,-0.2506617271756966
,-1.024653853728247,-0.5600922197673509,0.2284705892819717,-0.6347005643335782,-0.8975764412939082,-0.49306952901523676,-1.1755065852594033,0.6221449952237261,,,0.4305015695303229
,0.5597097640307473,-0.1987968617260153,-0.460159074187633,-0.6347005643335782,0.380835262113056,-0.569483573549152,-0.0884698870432897,-0.004023277452946043,,,-0.2506617271756966
,0.8765824875825462,0.16249849631532035,-0.2306158530310981,-0.2773520923647923,0.380835262113056,-0.15466447465075495,0.4550484620647671,0.3090608588853901,,,0.08991992117731316
,0.8765824875825462,-0.9213875778086865,1.3761866950646462,0.07999637960399368,-0.5779735154421671,0.16190799556117963,-1.1755065852594033,0.6221449952237261,,,-0.5912433755287064
,0.24283704047894847,-0.5600922197673509,-0.460159074187633,-0.7687062413218729,-0.2583705895904261,-0.7441442467695297,-0.26964267007930864,-0.4736494819604502,,,-0.5912433755287064
,1.5103279346861438,1.0657368914186596,0.2284705892819717,0.07999637960399368,1.6592469655200202,0.03091249064589635,0.998566811172824,0.46560292705455814,,,0.08991992117731316
,-1.6583993008318447,-0.9213875778086865,-0.2306158530310981,-0.7910405208199222,-1.5367822929973902,-0.7004790784644352,-1.1755065852594033,0.152518790716222,,,-1.272406672234726
,-0.3909084066246492,-0.9213875778086865,0.2284705892819717,-0.4560263283491853,0.06123233626131497,-0.3074925637185854,-1.3566793682954223,-0.1605653456221141,,,0.08991992117731316
,-0.7077811301764481,-0.5600922197673509,-1.1487887376572377,-0.8133748003179713,0.7004381879647971,-0.8423908754559921,-0.9943338022233844,-1.8825280954829626,,,0.08991992117731316
,-0.7077811301764481,0.16249849631532035,-0.2306158530310981,-0.4560263283491853,0.380835262113056,-0.3729903161762271,0.09270289599272924,0.46560292705455814,,,0.4305015695303229
,0.5597097640307473,0.7044415333773238,0.6875570315950414,0.6160190875571726,0.7004381879647971,0.06366136687471717,0.4550484620647671,0.46560292705455814,,,0.08991992117731316
,0.24283704047894847,-0.018149182705347464,-0.6897022953441679,0.25867061558838667,0.7004381879647971,0.052745074798443564,0.4550484620647671,-0.004023277452946043,,,0.7710832178833327
,-0.07403568307285038,-0.018149182705347464,0.9171002527515764,0.25867061558838667,-0.5779735154421671,0.38023383708665176,-0.9943338022233844,0.6221449952237261,,,0.7710832178833327
,0.5597097640307473,-0.9213875778086865,0.2284705892819717,-0.0986778563803993,-0.8975764412939082,0.150991703484906,-0.6319882361513465,0.6221449952237261,,,-0.2506617271756966
,-0.07403568307285038,-1.6439782938913579,0.6875570315950414,0.7946933235415656,-1.2171793671456492,0.5876433865358502,-0.9943338022233844,0.7786870633928943,,,-1.272406672234726
,-0.07403568307285038,0.7044415333773238,-0.6897022953441679,0.6160190875571726,0.7004381879647971,-0.012752677659198073,0.817394028136805,0.3090608588853901,,,0.08991992117731316
,-0.07403568307285038,1.0657368914186596,1.605729916221181,0.7946933235415656,-0.8975764412939082,1.3190349556461818,0.636221245100786,1.8744815405770707,,,1.4522465145893524
,-1.024653853728247,-0.9213875778086865,-0.6897022953441679,-0.7240376823257747,-0.2583705895904261,-0.569483573549152,-1.1755065852594033,-1.4129018909754585,,,0.4305015695303229
,-1.3415265772800458,-0.018149182705347464,-1.1487887376572377,-0.8133748003179713,-0.8975764412939082,-0.8205582913034449,0.2738756790287482,-0.7867336182987863,,,-0.5912433755287064
,-0.7077811301764481,-1.2826829358500222,-0.6897022953441679,-0.7687062413218729,0.380835262113056,-0.7223116626169824,-1.3566793682954223,-0.004023277452946043,,,-0.5912433755287064
,0.5597097640307473,0.523793854356656,-0.460159074187633,-0.6347005643335782,-0.2583705895904261,-0.62406503393052,0.998566811172824,-0.004023277452946043,,,-0.2506617271756966
,1.5103279346861438,1.4270322494599952,0.4580138104385066,-0.0986778563803993,2.2984528172235024,0.19465687179000044,1.7232579433168997,0.152518790716222,,,2.8145731080013916
,-1.024653853728247,-1.46333061487069,-1.1487887376572377,-0.8133748003179713,-0.5779735154421671,-0.8423908754559921,-1.3566793682954223,-2.0390701636521307,,,-1.272406672234726
,-0.7077811301764481,-1.1020352568293543,-0.9192455165007027,-0.8133748003179713,0.380835262113056,-0.8423908754559921,-0.6319882361513465,-0.31710741379128216,,,-0.5912433755287064
,-0.7077811301764481,-0.9213875778086865,-0.460159074187633,-0.7240376823257747,-0.8975764412939082,-0.6568139101593409,-1.1755065852594033,-0.004023277452946043,,,-0.5912433755287064
,-0.3909084066246492,0.7044415333773238,-0.6897022953441679,-0.4560263283491853,0.380835262113056,-0.5039858210915104,0.2738756790287482,-0.6301915501296182,,,0.4305015695303229
,-0.7077811301764481,-0.018149182705347464,-1.1487887376572377,-0.7910405208199222,-0.2583705895904261,-0.7659768309220769,0.2738756790287482,-0.6301915501296182,,,-0.2506617271756966
,-0.07403568307285038,-0.018149182705347464,1.1466434739081113,0.25867061558838667,-0.5779735154421671,0.6422248469172183,-0.0884698870432897,1.0917711997312303,,,-1.9535699689407455
,1.193455211134345,0.7044415333773238,2.0648163585342507,1.1520417955103515,-0.2583705895904261,1.177123158654625,0.636221245100786,1.2483132679003983,,,0.4305015695303229
,-1.024653853728247,-0.9213875778086865,-0.460159074187633,-0.7240376823257747,-0.2583705895904261,-0.62406503393052,-1.1755065852594033,0.152518790716222,,,-0.5912433755287064
,-0.7077811301764481,-0.7407398987880187,-0.2306158530310981,-0.6347005643335782,0.380835262113056,-0.4384880686338687,-0.9943338022233844,-0.004023277452946043,,,0.4305015695303229
,1.8272006582379428,1.4270322494599952,1.1466434739081113,2.2240872114167094,-0.5779735154421671,1.1007091141207097,0.636221245100786,0.7786870633928943,,,1.4522465145893524
,1.193455211134345,1.0657368914186596,0.9171002527515764,0.9733675595259585,0.7004381879647971,0.9915461933579737,1.179739594208843,0.7786870633928943,,,-0.5912433755287064
,1.5103279346861438,1.6076799284806629,-0.2306158530310981,1.6880645034635304,0.380835262113056,1.177123158654625,1.9044307263529185,-0.7867336182987863,,,1.1116648662363424
,0.24283704047894847,-0.1987968617260153,-0.2306158530310981,-0.7240376823257747,0.380835262113056,-0.6895627863881616,0.636221245100786,-0.004023277452946043,,,-0.5912433755287064
,-0.3909084066246492,-0.9213875778086865,-0.9192455165007027,-0.8133748003179713,1.0200411138165382,-0.8205582913034449,-1.1755065852594033,-0.6301915501296182,,,0.7710832178833327
,1.8272006582379428,1.7883276075013308,-1.1487887376572377,2.4027614474011023,2.2984528172235024,0.00907990649334914,2.0856035093889376,-2.1956122318212987,,,1.7928281629423621
,0.8765824875825462,1.7883276075013308,0.6875570315950414,0.9733675595259585,1.6592469655200202,0.6203922627646711,1.5420851602808807,0.46560292705455814,,,2.8145731080013916
,-0.07403568307285038,-0.5600922197673509,-0.001072631874563209,-0.6347005643335782,0.7004381879647971,-0.46032065278641593,-0.9943338022233844,0.3090608588853901,,,0.08991992117731316
,-0.3909084066246492,-0.3794445407466831,0.2284705892819717,-0.2773520923647923,0.7004381879647971,0.06366136687471717,-0.45081545311532756,0.46560292705455814,,,0.08991992117731316
,0.8765824875825462,1.7883276075013308,1.605729916221181,1.1520417955103515,0.7004381879647971,0.8932995646715112,1.179739594208843,0.9352291315620623,,,1.4522465145893524
,-0.07403568307285038,0.7044415333773238,-0.2306158530310981,-0.2773520923647923,1.6592469655200202,-0.2965762716423118,0.4550484620647671,-0.6301915501296182,,,0.08991992117731316
,-1.3415265772800458,-0.5600922197673509,-0.6897022953441679,-0.7687062413218729,-0.8975764412939082,-0.6568139101593409,-1.1755065852594033,0.46560292705455814,,,-0.2506617271756966
,1.8272006582379428,0.3431461753359882,1.1466434739081113,2.2240872114167094,-0.8975764412939082,2.8582321384007603,0.2738756790287482,1.5613974042387344,,,0.08991992117731316
,-1.024653853728247,-1.2826829358500222,-0.6897022953441679,-0.7687062413218729,-0.5779735154421671,-0.6677302022356144,-0.6319882361513465,-0.6301915501296182,,,-1.272406672234726
,1.5103279346861438,0.3431461753359882,0.6875570315950414,0.25867061558838667,1.0200411138165382,0.4784804657731142,0.817394028136805,0.152518790716222,,,0.7710832178833327
,0.24283704047894847,0.3431461753359882,-1.1487887376572377,-0.7687062413218729,0.380835262113056,-0.7223116626169824,0.4550484620647671,-0.7867336182987863,,,-0.2506617271756966
,1.193455211134345,0.3431461753359882,-0.2306158530310981,0.07999637960399368,1.6592469655200202,-0.08916672219311332,0.4550484620647671,-0.31710741379128216,,,0.4305015695303229
,-0.7077811301764481,0.3431461753359882,-1.1487887376572377,0.43734485157277964,0.380835262113056,-0.3729903161762271,1.5420851602808807,-0.9432756864679543,,,0.4305015695303229
,0.5597097640307473,1.4270322494599952,-0.6897022953441679,0.6160190875571726,0.380835262113056,-0.08916672219311332,0.817394028136805,-0.7867336182987863,,,1.7928281629423621
,-1.024653853728247,0.16249849631532035,-0.460159074187633,-0.4560263283491853,-0.2583705895904261,-0.569483573549152,0.636221245100786,-0.7867336182987863,,,1.1116648662363424
,-1.024653853728247,1.4270322494599952,-0.9192455165007027,-0.6347005643335782,-0.2583705895904261,-0.62406503393052,0.998566811172824,-0.7867336182987863,,,1.1116648662363424
,0.5597097640307473,-0.1987968617260153,-0.2306158530310981,-0.6347005643335782,-0.5779735154421671,-0.5803998656254256,0.4550484620647671,-0.1605653456221141,,,-0.5912433755287064
,0.24283704047894847,-0.5600922197673509,-0.6897022953441679,-0.7687062413218729,0.06123233626131497,-0.7441442467695297,-0.45081545311532756,-0.6301915501296182,,,-0.5912433755287064
,-0.7077811301764481,-0.018149182705347464,-1.1487887376572377,-0.7240376823257747,0.380835262113056,-0.6786464943118881,0.09270289599272924,-1.5694439591446265,,,-0.2506617271756966
,-0.7077811301764481,-0.5600922197673509,-1.1487887376572377,-0.8133748003179713,0.7004381879647971,-0.8314745833797185,-1.1755065852594033,-1.4129018909754585,,,0.7710832178833327
,0.8765824875825462,-0.9213875778086865,1.1466434739081113,0.07999637960399368,-1.5367822929973902,0.511229342001935,-0.6319882361513465,0.7786870633928943,,,-0.5912433755287064
,0.8765824875825462,1.0657368914186596,2.0648163585342507,1.1520417955103515,-0.2583705895904261,1.3190349556461818,1.360912377244862,1.0917711997312303,,,1.1116648662363424
,-0.7077811301764481,-0.7407398987880187,0.4580138104385066,-0.0986778563803993,-1.2171793671456492,-0.03458526181174528,-0.9943338022233844,1.0917711997312303,,,-0.2506617271756966
,-1.3415265772800458,-0.7407398987880187,-0.6897022953441679,-0.7687062413218729,-0.8975764412939082,-0.7223116626169824,-1.1755065852594033,0.152518790716222,,,-0.5912433755287064
,2.4609461053415402,3.052861360646006,3.44207568547346,3.2961326273230673,2.6180557430752436,2.5525759602650995,2.2667762924249564,2.3441077450845746,,,3.495736404707411
,1.193455211134345,1.4270322494599952,0.6875570315950414,1.3307160314947446,1.0200411138165382,0.8059692280613224,0.998566811172824,0.46560292705455814,,,0.7710832178833327
,-0.3909084066246492,-0.3794445407466831,-0.460159074187633,-0.4560263283491853,0.7004381879647971,-0.38390660825250067,-0.26964267007930864,-0.1605653456221141,,,0.08991992117731316
,-0.7077811301764481,-0.3794445407466831,0.4580138104385066,-0.0986778563803993,-1.5367822929973902,0.06366136687471717,-0.45081545311532756,0.9352291315620623,,,-0.5912433755287064
,0.24283704047894847,1.0657368914186596,-0.460159074187633,-0.6347005643335782,2.2984528172235024,-0.7113953705407089,0.998566811172824,-1.8825280954829626,,,0.08991992117731316
,-0.3909084066246492,-0.5600922197673509,0.2284705892819717,0.07999637960399368,1.3396440396682792,0.24923833217136848,-0.45081545311532756,-0.7867336182987863,,,-0.5912433755287064
,1.193455211134345,0.523793854356656,1.835273137377716,0.7946933235415656,-1.2171793671456492,0.9042158567477848,0.2738756790287482,1.5613974042387344,,,0.7710832178833327
,-0.07403568307285038,-0.3794445407466831,-0.9192455165007027,-0.6347005643335782,0.380835262113056,-0.62406503393052,-0.26964267007930864,-0.4736494819604502,,,-0.5912433755287064
,-0.3909084066246492,0.16249849631532035,-0.2306158530310981,-0.0986778563803993,1.3396440396682792,-0.4275717765575951,1.360912377244862,-2.1956122318212987,,,-0.5912433755287064
,-1.6583993008318447,-0.9213875778086865,0.6875570315950414,0.07999637960399368,-1.2171793671456492,0.150991703484906,-0.45081545311532756,0.6221449952237261,,,-0.5912433755287064
,-0.7077811301764481,0.16249849631532035,-1.1487887376572377,-0.7910405208199222,0.7004381879647971,-0.7878094150746241,0.998566811172824,-1.4129018909754585,,,0.7710832178833327
,-0.07403568307285038,-0.9213875778086865,-0.9192455165007027,-0.7910405208199222,1.6592469655200202,-0.8096419992271713,-1.1755065852594033,-1.7259860273137946,,,0.08991992117731316
,0.8765824875825462,-1.6439782938913579,-0.9192455165007027,-0.7687062413218729,0.7004381879647971,-0.6786464943118881,-1.3566793682954223,-0.4736494819604502,,,-2.2941516172937555
,-0.07403568307285038,-0.7407398987880187,1.1466434739081113,0.6160190875571726,-0.8975764412939082,0.762304059756228,0.09270289599272924,1.2483132679003983,,,0.7710832178833327
,-1.024653853728247,-1.2826829358500222,-1.6078751799703075,-0.8133748003179713,0.06123233626131497,-0.8533071675322658,-1.3566793682954223,-2.1956122318212987,,,-1.272406672234726
,0.24283704047894847,0.3431461753359882,1.3761866950646462,0.6160190875571726,-1.2171793671456492,0.6422248469172183,0.09270289599272924,1.2483132679003983,,,-0.5912433755287064
,0.5597097640307473,0.16249849631532035,1.1466434739081113,0.25867061558838667,0.380835262113056,0.06366136687471717,0.4550484620647671,0.7786870633928943,,,0.08991992117731316
,0.24283704047894847,-0.5600922197673509,0.2284705892819717,-0.4560263283491853,-0.5779735154421671,-0.2965762716423118,-0.45081545311532756,-0.004023277452946043,,,-0.2506617271756966
,-2.92589019503904,-1.6439782938913579,-2.755591285752982,-0.7240376823257747,-3.7740027739595776,-0.8533071675322658,-1.3566793682954223,-1.5694439591446265,,,-3.6564782107057945
,-2.6090174714872414,-1.6439782938913579,1.1466434739081113,-0.4560263283491853,-3.1347969222560956,0.052745074798443564,-1.3566793682954223,-0.1605653456221141,,,-1.9535699689407455
,-0.3909084066246492,-0.3794445407466831,-1.1487887376572377,-0.4560263283491853,1.3396440396682792,-0.4712369448626895,0.4550484620647671,0.152518790716222,,,-0.5912433755287064
,-1.024653853728247,1.2463845704393273,-1.1487887376572377,-0.0986778563803993,0.06123233626131497,-0.3729903161762271,0.2738756790287482,-1.2563598228062904,,,0.08991992117731316
,-0.7077811301764481,-0.7407398987880187,-1.1487887376572377,-0.6347005643335782,0.7004381879647971,-0.62406503393052,-0.26964267007930864,-0.31710741379128216,,,-0.5912433755287064
,-0.7077811301764481,-0.5600922197673509,0.6875570315950414,0.43734485157277964,0.380835262113056,0.8496343963664168,-0.26964267007930864,1.2483132679003983,,,0.08991992117731316
,-1.3415265772800458,-0.9213875778086865,-0.001072631874563209,-0.7687062413218729,-0.8975764412939082,-0.7223116626169824,-1.1755065852594033,-0.31710741379128216,,,0.08991992117731316
,-0.3909084066246492,-0.7407398987880187,-0.9192455165007027,-0.7687062413218729,1.0200411138165382,-0.62406503393052,-1.1755065852594033,-0.004023277452946043,,,0.08991992117731316
,-0.7077811301764481,-0.9213875778086865,0.2284705892819717,-0.4560263283491853,-0.8975764412939082,-0.4057391924050479,-1.1755065852594033,0.3090608588853901,,,-1.6129883205877358
,-0.3909084066246492,-1.2826829358500222,-0.6897022953441679,-0.7687062413218729,0.380835262113056,-0.8205582913034449,-1.3566793682954223,-1.5694439591446265,,,-1.6129883205877358
,-0.7077811301764481,-1.2826829358500222,-0.6897022953441679,-0.4560263283491853,0.380835262113056,-0.209245935032123,-1.3566793682954223,0.6221449952237261,,,-0.5912433755287064
,0.24283704047894847,-1.2826829358500222,-0.9192455165007027,-0.7910405208199222,0.7004381879647971,-0.7223116626169824,-1.3566793682954223,-0.31710741379128216,,,-0.9318250238817162
,-0.07403568307285038,-0.5600922197673509,0.4580138104385066,0.07999637960399368,-1.2171793671456492,0.06366136687471717,-1.1755065852594033,0.9352291315620623,,,-0.5912433755287064
,-0.3909084066246492,-0.018149182705347464,-0.460159074187633,-0.6347005643335782,1.3396440396682792,-0.5803998656254256,-0.0884698870432897,0.152518790716222,,,0.7710832178833327
,-0.07403568307285038,-0.018149182705347464,-0.2306158530310981,-0.4560263283491853,1.0200411138165382,-0.4057391924050479,-0.26964267007930864,0.6221449952237261,,,0.7710832178833327
,-0.3909084066246492,-1.2826829358500222,-0.6897022953441679,-0.8133748003179713,-0.8975764412939082,-0.8205582913034449,-1.3566793682954223,-1.0998177546371224,,,-1.6129883205877358
,-1.024653853728247,-1.2826829358500222,-0.9192455165007027,-0.7687062413218729,0.06123233626131497,-0.6677302022356144,-1.1755065852594033,-0.4736494819604502,,,-0.5912433755287064
,-1.024653853728247,-0.7407398987880187,-0.6897022953441679,-0.7240376823257747,-0.5779735154421671,-0.6568139101593409,-0.9943338022233844,0.3090608588853901,,,0.08991992117731316
,-0.7077811301764481,-0.5600922197673509,-0.2306158530310981,-0.6347005643335782,0.380835262113056,-0.3729903161762271,-1.1755065852594033,0.152518790716222,,,0.08991992117731316
,-0.7077811301764481,-0.9213875778086865,-0.460159074187633,-0.7687062413218729,-0.2583705895904261,-0.6568139101593409,-1.1755065852594033,-0.004023277452946043,,,-0.5912433755287064
,-1.024653853728247,-1.1020352568293543,-0.460159074187633,-0.6347005643335782,0.06123233626131497,-0.2965762716423118,-0.8131610191873655,0.3090608588853901,,,-0.5912433755287064
,-0.7077811301764481,-0.018149182705347464,-0.6897022953441679,-0.7687062413218729,0.7004381879647971,-0.6568139101593409,-0.0884698870432897,-0.31710741379128216,,,0.4305015695303229
,-0.07403568307285038,-1.2826829358500222,-0.460159074187633,-0.7687062413218729,1.6592469655200202,-0.7441442467695297,-1.1755065852594033,-0.7867336182987863,,,-0.5912433755287064
,-0.7077811301764481,-1.1020352568293543,-0.9192455165007027,-0.7910405208199222,0.7004381879647971,-0.7878094150746241,-1.1755065852594033,-1.2563598228062904,,,-0.5912433755287064
,0.24283704047894847,-1.2826829358500222,-0.001072631874563209,-0.2773520923647923,0.06123233626131497,-0.2965762716423118,-1.3566793682954223,-0.004023277452946043,,,-0.9318250238817162
,-0.3909084066246492,-0.9213875778086865,-0.9192455165007027,-0.7240376823257747,0.7004381879647971,-0.6895627863881616,-1.1755065852594033,-0.4736494819604502,,,0.08991992117731316
,-0.3909084066246492,-0.9213875778086865,1.3761866950646462,0.07999637960399368,-0.5779735154421671,0.511229342001935,-1.3566793682954223,1.2483132679003983,,,-0.5912433755287064
,-0.07403568307285038,-1.1020352568293543,-0.6897022953441679,-0.6347005643335782,1.0200411138165382,-0.5803998656254256,-1.1755065852594033,-0.1605653456221141,,,-0.2506617271756966
,-1.024653853728247,-1.2826829358500222,-0.460159074187633,-0.6347005643335782,0.06123233626131497,-0.4384880686338687,-1.1755065852594033,-0.004023277452946043,,,-0.5912433755287064
,-1.3415265772800458,-0.5600922197673509,-0.001072631874563209,-0.6347005643335782,-0.8975764412939082,-0.62406503393052,-0.45081545311532756,-0.004023277452946043,,,0.08991992117731316
,-0.7077811301764481,-1.2826829358500222,-1.1487887376572377,-0.7240376823257747,0.380835262113056,-0.7223116626169824,-1.3566793682954223,-0.7867336182987863,,,-0.5912433755287064
,-0.3909084066246492,-0.9213875778086865,-1.1487887376572377,-0.7910405208199222,1.0200411138165382,-0.7659768309220769,-0.8131610191873655,-0.6301915501296182,,,0.08991992117731316
,-0.3909084066246492,-1.1020352568293543,-0.460159074187633,-0.7687062413218729,1.0200411138165382,-0.7441442467695297,-0.9943338022233844,-0.4736494819604502,,,0.08991992117731316
,-1.6583993008318447,-0.7407398987880187,0.2284705892819717,-0.4560263283491853,-1.5367822929973902,-0.13283189049820773,-0.9943338022233844,-0.7867336182987863,,,-0.5912433755287064
,1.193455211134345,0.8850892123979917,-0.001072631874563209,0.6160190875571726,0.380835262113056,0.1291591193323588,0.998566811172824,0.152518790716222,,,0.7710832178833327
,0.8765824875825462,-0.018149182705347464,-0.6897022953441679,-0.2773520923647923,0.380835262113056,-0.32932514787113265,0.817394028136805,-0.004023277452946043,,,0.4305015695303229
,-0.07403568307285038,-0.018149182705347464,-0.6897022953441679,-0.4560263283491853,0.7004381879647971,-0.44940436071014234,0.817394028136805,-0.4736494819604502,,,0.7710832178833327
,0.8765824875825462,0.3431461753359882,-0.001072631874563209,0.25867061558838667,1.6592469655200202,0.052745074798443564,1.360912377244862,-0.31710741379128216,,,1.7928281629423621
,0.8765824875825462,1.0657368914186596,1.3761866950646462,0.7946933235415656,0.7004381879647971,0.8496343963664168,1.9044307263529185,0.7786870633928943,,,1.7928281629423621
,0.5597097640307473,0.8850892123979917,0.2284705892819717,0.07999637960399368,0.7004381879647971,0.3584012529341045,0.2738756790287482,0.46560292705455814,,,0.08991992117731316
,0.24283704047894847,-0.5600922197673509,-0.9192455165007027,-0.7240376823257747,-0.2583705895904261,-0.62406503393052,-0.45081545311532756,-0.1605653456221141,,,-0.5912433755287064
,-0.07403568307285038,0.523793854356656,-0.001072631874563209,-0.0986778563803993,0.7004381879647971,-0.15466447465075495,0.2738756790287482,0.3090608588853901,,,-0.2506617271756966
,0.24283704047894847,-0.1987968617260153,-0.460159074187633,-0.4560263283491853,0.380835262113056,-0.32932514787113265,-0.0884698870432897,0.152518790716222,,,-0.2506617271756966
,-1.3415265772800458,-0.9213875778086865,-0.9192455165007027,-0.8133748003179713,-0.8975764412939082,-0.8205582913034449,-1.1755065852594033,-0.4736494819604502,,,-0.5912433755287064
,0.24283704047894847,-0.3794445407466831,-1.1487887376572377,-0.7687062413218729,0.380835262113056,-0.7878094150746241,0.2738756790287482,-1.0998177546371224,,,-1.272406672234726
,0.8765824875825462,-0.018149182705347464,-1.1487887376572377,-0.6347005643335782,0.380835262113056,-0.6349813260067936,0.2738756790287482,-0.7867336182987863,,,-1.272406672234726
,0.8765824875825462,1.0657368914186596,0.4580138104385066,-0.2773520923647923,0.380835262113056,-0.209245935032123,0.998566811172824,0.6221449952237261,,,-0.2506617271756966
,1.5103279346861438,-0.5600922197673509,0.6875570315950414,0.07999637960399368,-0.5779735154421671,0.38023383708665176,-1.1755065852594033,0.7786870633928943,,,0.08991992117731316
,1.5103279346861438,0.7044415333773238,2.2943595796907856,2.2240872114167094,-0.5779735154421671,2.5198270840362786,-0.45081545311532756,1.5613974042387344,,,0.4305015695303229
,-1.9752720243836435,-1.46333061487069,0.2284705892819717,-0.7240376823257747,-2.1759881447008724,-0.62406503393052,-1.3566793682954223,-0.4736494819604502,,,-1.9535699689407455
,1.193455211134345,0.7044415333773238,0.2284705892819717,0.7946933235415656,1.3396440396682792,0.5221456340782086,0.817394028136805,0.3090608588853901,,,-1.272406672234726
,0.8765824875825462,0.523793854356656,-0.460159074187633,-0.4560263283491853,-0.2583705895904261,-0.44940436071014234,0.998566811172824,-0.004023277452946043,,,-0.2506617271756966
,0.8765824875825462,0.7044415333773238,0.2284705892819717,-0.2773520923647923,-0.2583705895904261,0.03091249064589635,0.817394028136805,0.46560292705455814,,,0.7710832178833327
,0.5597097640307473,0.3431461753359882,0.2284705892819717,0.6160190875571726,0.7004381879647971,0.5221456340782086,0.4550484620647671,0.46560292705455814,,,-1.272406672234726
,-0.7077811301764481,-0.1987968617260153,-0.460159074187633,-0.2773520923647923,0.380835262113056,-0.263827395413491,0.636221245100786,-0.004023277452946043,,,-0.2506617271756966
,-0.07403568307285038,-0.9213875778086865,-0.9192455165007027,-0.4560263283491853,0.380835262113056,-0.569483573549152,-0.9943338022233844,-0.1605653456221141,,,0.7710832178833327
,1.193455211134345,-0.1987968617260153,-0.001072631874563209,0.43734485157277964,1.0200411138165382,-0.04550155388801889,-0.8131610191873655,0.46560292705455814,,,0.7710832178833327
,-0.7077811301764481,-0.3794445407466831,0.2284705892819717,-0.4560263283491853,0.7004381879647971,-0.22016222710839659,-1.1755065852594033,0.46560292705455814,,,0.4305015695303229
,-1.024653853728247,-0.7407398987880187,-0.6897022953441679,-0.7687062413218729,-0.2583705895904261,-0.7441442467695297,0.09270289599272924,0.152518790716222,,,-1.272406672234726
,0.5597097640307473,-0.018149182705347464,-0.6897022953441679,-0.7910405208199222,-0.2583705895904261,-0.7441442467695297,0.2738756790287482,-0.31710741379128216,,,-0.2506617271756966
,1.193455211134345,1.4270322494599952,0.2284705892819717,0.9733675595259585,1.6592469655200202,0.5221456340782086,1.360912377244862,0.6221449952237261,,,2.4739914596483814
,0.8765824875825462,1.4270322494599952,0.2284705892819717,1.1520417955103515,0.7004381879647971,0.6203922627646711,1.7232579433168997,0.46560292705455814,,,2.1334098112953717
,-0.7077811301764481,-0.018149182705347464,-0.2306158530310981,-0.6347005643335782,-0.8975764412939082,-0.5367346973203312,-0.26964267007930864,0.3090608588853901,,,-0.9318250238817162
,1.193455211134345,-0.018149182705347464,-0.2306158530310981,0.07999637960399368,0.06123233626131497,-0.15466447465075495,0.2738756790287482,0.152518790716222,,,-0.2506617271756966
,-1.024653853728247,0.523793854356656,-0.6897022953441679,-0.6347005643335782,0.06123233626131497,-0.44940436071014234,-0.26964267007930864,-0.4736494819604502,,,-0.5912433755287064
,-0.3909084066246492,-0.7407398987880187,-1.6078751799703075,-0.8133748003179713,1.0200411138165382,-0.8533071675322658,-1.1755065852594033,-1.5694439591446265,,,0.7710832178833327
,0.24283704047894847,-0.7407398987880187,-0.2306158530310981,-0.2773520923647923,-0.2583705895904261,-0.3729903161762271,-0.45081545311532756,0.3090608588853901,,,0.4305015695303229
,1.8272006582379428,-0.018149182705347464,0.2284705892819717,-0.0986778563803993,0.06123233626131497,-0.209245935032123,0.2738756790287482,0.46560292705455814,,,-0.5912433755287064
,0.5597097640307473,0.523793854356656,1.1466434739081113,0.6160190875571726,1.3396440396682792,0.6203922627646711,-0.6319882361513465,0.6221449952237261,,,0.08991992117731316
,-0.3909084066246492,-0.7407398987880187,0.9171002527515764,0.07999637960399368,-1.5367822929973902,0.2819872084001893,-0.6319882361513465,0.9352291315620623,,,-0.9318250238817162
,-1.024653853728247,-0.3794445407466831,-0.460159074187633,-0.6347005643335782,0.06123233626131497,-0.6568139101593409,-1.1755065852594033,0.3090608588853901,,,0.08991992117731316
,1.193455211134345,-0.1987968617260153,-0.6897022953441679,-0.7240376823257747,-0.2583705895904261,-0.7441442467695297,0.2738756790287482,-0.31710741379128216,,,-0.5912433755287064
,0.8765824875825462,0.523793854356656,-0.2306158530310981,-0.2773520923647923,0.380835262113056,-0.4384880686338687,0.636221245100786,-0.004023277452946043,,,-0.5912433755287064
,1.8272006582379428,0.8850892123979917,0.2284705892819717,0.25867061558838667,0.380835262113056,0.19465687179000044,0.998566811172824,0.152518790716222,,,-0.2506617271756966
,-0.3909084066246492,-0.5600922197673509,-0.9192455165007027,-0.8133748003179713,0.7004381879647971,-0.8096419992271713,0.2738756790287482,-1.7259860273137946,,,-0.5912433755287064
,0.24283704047894847,-0.5600922197673509,-0.001072631874563209,-0.2773520923647923,-0.8975764412939082,-0.04550155388801889,-0.45081545311532756,0.46560292705455814,,,0.08991992117731316
,1.193455211134345,1.2463845704393273,1.3761866950646462,1.1520417955103515,1.3396440396682792,1.0788765299681626,0.636221245100786,1.0917711997312303,,,1.4522465145893524
,-0.7077811301764481,-1.1020352568293543,-0.001072631874563209,-0.4560263283491853,0.06123233626131497,-0.3729903161762271,-1.3566793682954223,0.46560292705455814,,,-0.5912433755287064
,0.24283704047894847,-0.5600922197673509,1.1466434739081113,0.6160190875571726,-0.2583705895904261,1.013378777510521,-1.1755065852594033,0.7786870633928943,,,-0.5912433755287064
,-1.024653853728247,-0.9213875778086865,-0.6897022953441679,-0.8133748003179713,0.06123233626131497,-0.8096419992271713,-1.1755065852594033,-0.6301915501296182,,,0.08991992117731316
,1.193455211134345,1.4270322494599952,0.6875570315950414,1.6880645034635304,0.380835262113056,1.1007091141207097,1.7232579433168997,0.9352291315620623,,,1.1116648662363424
,-1.024653853728247,0.3431461753359882,-1.1487887376572377,-0.7240376823257747,0.06123233626131497,-0.6349813260067936,0.09270289599272924,-1.2563598228062904,,,-0.2506617271756966
,-0.3909084066246492,0.7044415333773238,-0.460159074187633,-0.6347005643335782,1.3396440396682792,-0.7550605388458033,0.4550484620647671,-1.4129018909754585,,,0.08991992117731316
,-0.7077811301764481,-0.018149182705347464,-0.460159074187633,-0.4560263283491853,0.380835262113056,-0.6349813260067936,0.636221245100786,-1.4129018909754585,,,-0.2506617271756966
,-0.07403568307285038,0.16249849631532035,-0.2306158530310981,0.25867061558838667,1.9788498913717614,0.27107091632391567,0.2738756790287482,0.152518790716222,,,1.1116648662363424
,1.8272006582379428,-1.6439782938913579,1.1466434739081113,2.0454129754323165,-1.2171793671456492,1.428197876408918,-0.9943338022233844,1.4048553360695664,,,-0.2506617271756966
,-0.7077811301764481,-0.7407398987880187,-0.9192455165007027,-0.8133748003179713,0.7004381879647971,-0.8314745833797185,-0.9943338022233844,-1.0998177546371224,,,0.08991992117731316
,-0.7077811301764481,-0.018149182705347464,-0.9192455165007027,-0.7240376823257747,0.7004381879647971,-0.6677302022356144,0.817394028136805,-0.6301915501296182,,,-0.2506617271756966
,-0.3909084066246492,-0.018149182705347464,-1.1487887376572377,-0.7687062413218729,1.0200411138165382,-0.7223116626169824,0.4550484620647671,-0.7867336182987863,,,-0.5912433755287064
,-0.7077811301764481,-0.5600922197673509,-0.460159074187633,-0.2773520923647923,-0.8975764412939082,0.1182428272560852,-0.9943338022233844,0.6221449952237261,,,0.08991992117731316
,1.193455211134345,0.8850892123979917,-0.2306158530310981,-0.2773520923647923,-0.5779735154421671,-0.2965762716423118,0.4550484620647671,0.152518790716222,,,-0.2506617271756966
,-0.7077811301764481,-0.3794445407466831,-1.3783319588137726,-0.7910405208199222,0.7004381879647971,-0.8096419992271713,-0.0884698870432897,-1.2563598228062904,,,-1.6129883205877358
,1.193455211134345,1.7883276075013308,2.2943595796907856,3.2961326273230673,-0.5779735154421671,4.288266400392603,2.4479490754609756,2.3441077450845746,,,2.1334098112953717
,-0.3909084066246492,-0.3794445407466831,-0.9192455165007027,-0.7687062413218729,-0.8975764412939082,-0.6677302022356144,0.4550484620647671,-0.31710741379128216,,,-0.5912433755287064
,-0.3909084066246492,0.7044415333773238,0.2284705892819717,0.25867061558838667,0.380835262113056,0.19465687179000044,0.817394028136805,0.152518790716222,,,1.4522465145893524
,-1.024653853728247,0.16249849631532035,-0.2306158530310981,-0.6347005643335782,-0.8975764412939082,-0.15466447465075495,0.636221245100786,-0.1605653456221141,,,0.7710832178833327
,-0.3909084066246492,1.0657368914186596,-0.001072631874563209,-0.0986778563803993,0.06123233626131497,0.19465687179000044,0.998566811172824,0.152518790716222,,,1.1116648662363424
,-2.2921447479354424,-1.2826829358500222,-0.9192455165007027,-0.8133748003179713,-2.4955910705526136,-0.7223116626169824,-1.3566793682954223,-0.7867336182987863,,,-0.2506617271756966
,0.8765824875825462,1.0657368914186596,0.2284705892819717,2.938784155354281,1.0200411138165382,0.6094759706883974,2.0856035093889376,-0.6301915501296182,,,0.7710832178833327
,-0.7077811301764481,-0.3794445407466831,-0.460159074187633,-0.6347005643335782,0.7004381879647971,-0.5803998656254256,-0.9943338022233844,0.3090608588853901,,,0.08991992117731316
,-1.3415265772800458,-1.2826829358500222,-1.1487887376572377,-0.8133748003179713,-0.5779735154421671,-0.8423908754559921,-1.3566793682954223,-2.0390701636521307,,,-1.272406672234726
,0.24283704047894847,0.8850892123979917,-0.001072631874563209,-0.0986778563803993,-0.2583705895904261,-0.012752677659198073,0.4550484620647671,0.3090608588853901,,,-0.2506617271756966
,0.24283704047894847,-0.5600922197673509,-0.460159074187633,-0.7240376823257747,-0.8975764412939082,-0.62406503393052,-0.26964267007930864,-0.004023277452946043,,,0.08991992117731316
,-0.3909084066246492,-0.3794445407466831,-0.460159074187633,-0.4560263283491853,-0.8975764412939082,-0.569483573549152,0.2738756790287482,-0.004023277452946043,,,1.1116648662363424
,-0.7077811301764481,0.16249849631532035,-0.9192455165007027,0.25867061558838667,0.380835262113056,-0.4275717765575951,1.5420851602808807,-0.9432756864679543,,,0.08991992117731316
,-1.024653853728247,-0.018149182705347464,-0.6897022953441679,-0.7240376823257747,-0.2583705895904261,-0.62406503393052,-0.26964267007930864,-1.0998177546371224,,,-0.5912433755287064
,-0.07403568307285038,-0.018149182705347464,-0.6897022953441679,-0.7240376823257747,0.7004381879647971,-0.7659768309220769,-0.0884698870432897,-1.2563598228062904,,,-0.2506617271756966
,-0.3909084066246492,-0.7407398987880187,1.3761866950646462,0.25867061558838667,-1.2171793671456492,0.511229342001935,-0.9943338022233844,1.4048553360695664,,,-0.2506617271756966
,-1.6583993008318447,-1.1020352568293543,-0.460159074187633,-0.7910405208199222,-1.2171793671456492,-0.7659768309220769,-0.9943338022233844,-0.7867336182987863,,,-1.272406672234726
,-0.07403568307285038,-0.3794445407466831,0.4580138104385066,-0.2773520923647923,1.0200411138165382,-0.12191559842193413,-0.26964267007930864,0.3090608588853901,,,0.08991992117731316
,0.8765824875825462,1.4270322494599952,2.5239028008473205,1.1520417955103515,-0.2583705895904261,1.6356074258581166,1.7232579433168997,1.0917711997312303,,,1.7928281629423621
,1.193455211134345,1.7883276075013308,1.1466434739081113,2.0454129754323165,2.2984528172235024,1.1989557428071722,1.7232579433168997,0.46560292705455814,,,1.4522465145893524
,-0.7077811301764481,-0.5600922197673509,-0.6897022953441679,-0.7910405208199222,0.380835262113056,-0.8096419992271713,-0.9943338022233844,-0.31710741379128216,,,0.08991992117731316
,0.24283704047894847,0.8850892123979917,0.2284705892819717,0.25867061558838667,0.7004381879647971,0.5221456340782086,0.636221245100786,-0.7867336182987863,,,0.4305015695303229
,-1.024653853728247,0.3431461753359882,-0.6897022953441679,-0.7910405208199222,0.06123233626131497,-0.7441442467695297,0.4550484620647671,-0.7867336182987863,,,-0.2506617271756966
,-0.3909084066246492,-0.1987968617260153,-0.001072631874563209,-0.4560263283491853,-0.8975764412939082,-0.3729903161762271,-0.0884698870432897,0.46560292705455814,,,-0.5912433755287064
,1.193455211134345,0.16249849631532035,0.2284705892819717,0.07999637960399368,-0.5779735154421671,-0.04550155388801889,-0.26964267007930864,0.46560292705455814,,,-0.5912433755287064
,-0.7077811301764481,-0.3794445407466831,-0.001072631874563209,-0.4560263283491853,-0.2583705895904261,-0.2310785191846702,-0.6319882361513465,0.3090608588853901,,,0.4305015695303229
,0.24283704047894847,1.2463845704393273,-0.6897022953441679,0.43734485157277964,-0.2583705895904261,-0.08916672219311332,1.9044307263529185,-0.6301915501296182,,,1.7928281629423621
,-0.07403568307285038,-0.1987968617260153,0.2284705892819717,-0.2773520923647923,-0.5779735154421671,-0.03458526181174528,-0.45081545311532756,0.46560292705455814,,,1.4522465145893524
,-0.7077811301764481,-0.9213875778086865,-0.001072631874563209,-0.4560263283491853,-0.5779735154421671,-0.13283189049820773,-0.45081545311532756,0.46560292705455814,,,-1.272406672234726
,0.24283704047894847,-0.9213875778086865,-0.6897022953441679,-0.7910405208199222,0.06123233626131497,-0.8096419992271713,-0.8131610191873655,-0.7867336182987863,,,-0.5912433755287064
,-1.024653853728247,-0.5600922197673509,-0.6897022953441679,-0.7687062413218729,-0.2583705895904261,-0.569483573549152,0.09270289599272924,-1.0998177546371224,,,-0.2506617271756966
,-1.3415265772800458,-0.9213875778086865,-0.460159074187633,-0.7910405208199222,-0.8975764412939082,-0.7441442467695297,-1.1755065852594033,-0.1605653456221141,,,-0.5912433755287064
,-1.024653853728247,0.3431461753359882,-0.001072631874563209,-0.2773520923647923,-1.5367822929973902,-0.2310785191846702,-0.45081545311532756,0.152518790716222,,,-0.5912433755287064
,0.8765824875825462,1.0657368914186596,0.4580138104385066,1.8667387394479233,-0.8975764412939082,0.19465687179000044,0.4550484620647671,0.46560292705455814,,,2.1334098112953717
,-0.7077811301764481,-0.5600922197673509,-0.6897022953441679,-0.7240376823257747,-0.8975764412939082,-0.62406503393052,0.2738756790287482,-0.7867336182987863,,,0.4305015695303229
,-0.3909084066246492,-0.018149182705347464,-0.2306158530310981,-0.4560263283491853,-0.8975764412939082,-0.209245935032123,0.817394028136805,-0.4736494819604502,,,1.1116648662363424
,-1.3415265772800458,-0.9213875778086865,-1.1487887376572377,-0.8133748003179713,-0.8975764412939082,-0.7878094150746241,-0.0884698870432897,-1.0998177546371224,,,-0.2506617271756966
,1.193455211134345,0.8850892123979917,1.605729916221181,1.5093902674791373,-0.8975764412939082,1.144374282425804,1.9044307263529185,0.9352291315620623,,,0.08991992117731316
,-0.7077811301764481,-1.2826829358500222,-0.460159074187633,-0.7687062413218729,-0.2583705895904261,-0.7441442467695297,-0.8131610191873655,-0.4736494819604502,,,-1.272406672234726
,0.8765824875825462,1.0657368914186596,0.2284705892819717,0.07999637960399368,0.7004381879647971,0.3584012529341045,1.360912377244862,0.46560292705455814,,,0.7710832178833327
,-0.3909084066246492,0.8850892123979917,0.2284705892819717,-0.2773520923647923,0.7004381879647971,-0.12191559842193413,0.2738756790287482,0.46560292705455814,,,0.4305015695303229
,0.24283704047894847,1.0657368914186596,-0.9192455165007027,-0.7910405208199222,-0.2583705895904261,-0.7659768309220769,0.636221245100786,-0.6301915501296182,,,0.7710832178833327
,0.24283704047894847,-0.3794445407466831,0.2284705892819717,-0.4560263283491853,1.0200411138165382,-0.3729903161762271,0.817394028136805,-0.1605653456221141,,,-0.5912433755287064
,1.193455211134345,0.8850892123979917,0.9171002527515764,0.7946933235415656,-0.5779735154421671,0.4784804657731142,0.636221245100786,0.7786870633928943,,,-0.5912433755287064
,-1.9752720243836435,-1.6439782938913579,-0.2306158530310981,-0.4560263283491853,-2.1759881447008724,-0.3729903161762271,-1.1755065852594033,-0.004023277452946043,,,-1.9535699689407455
,-0.7077811301764481,-1.1020352568293543,-0.9192455165007027,-0.8133748003179713,0.7004381879647971,-0.8314745833797185,-0.9943338022233844,-1.7259860273137946,,,-0.5912433755287064
,-1.024653853728247,-0.5600922197673509,0.2284705892819717,-0.4560263283491853,-1.5367822929973902,-0.22016222710839659,-0.6319882361513465,0.6221449952237261,,,-1.6129883205877358
,-1.9752720243836435,-0.9213875778086865,0.6875570315950414,-0.4560263283491853,-2.1759881447008724,0.06366136687471717,-0.9943338022233844,0.6221449952237261,,,-1.9535699689407455
,0.5597097640307473,0.8850892123979917,0.2284705892819717,0.43734485157277964,-0.5779735154421671,0.33656866878155733,0.998566811172824,0.6221449952237261,,,0.08991992117731316
,-0.3909084066246492,-0.018149182705347464,0.2284705892819717,-0.7240376823257747,-0.2583705895904261,-0.7004790784644352,-0.26964267007930864,0.152518790716222,,,-0.2506617271756966
,0.5597097640307473,0.3431461753359882,0.2284705892819717,-0.4560263283491853,-0.2583705895904261,-0.3729903161762271,0.09270289599272924,0.152518790716222,,,0.4305015695303229
,0.5597097640307473,1.0657368914186596,0.6875570315950414,-0.0986778563803993,-0.2583705895904261,0.150991703484906,0.4550484620647671,0.46560292705455814,,,-0.2506617271756966
,1.193455211134345,0.3431461753359882,0.6875570315950414,-0.4560263283491853,-0.2583705895904261,-0.4057391924050479,0.636221245100786,0.46560292705455814,,,-0.2506617271756966
,-0.07403568307285038,-0.7407398987880187,0.9171002527515764,0.07999637960399368,-0.5779735154421671,0.38023383708665176,-0.45081545311532756,0.152518790716222,,,0.4305015695303229
,-1.024653853728247,-0.5600922197673509,-1.6078751799703075,-0.8133748003179713,0.06123233626131497,-0.8533071675322658,-1.1755065852594033,-1.8825280954829626,,,0.08991992117731316
,-0.3909084066246492,-0.5600922197673509,0.4580138104385066,-0.2773520923647923,-0.2583705895904261,-0.22016222710839659,-0.9943338022233844,0.7786870633928943,,,0.08991992117731316
,-0.7077811301764481,-0.5600922197673509,-1.1487887376572377,-0.7687062413218729,0.7004381879647971,-0.7223116626169824,-0.9943338022233844,-0.1605653456221141,,,0.7710832178833327
,-0.7077811301764481,0.523793854356656,0.2284705892819717,-0.4560263283491853,0.7004381879647971,-0.22016222710839659,0.2738756790287482,0.46560292705455814,,,1.1116648662363424
,0.5597097640307473,0.523793854356656,-0.6897022953441679,-0.4560263283491853,0.380835262113056,-0.5149021131677839,0.2738756790287482,-0.004023277452946043,,,-0.5912433755287064
,-0.3909084066246492,-0.018149182705347464,-0.460159074187633,-0.4560263283491853,-0.2583705895904261,-0.5039858210915104,0.09270289599272924,0.152518790716222,,,0.08991992117731316
,-0.3909084066246492,-0.7407398987880187,-0.6897022953441679,-0.2773520923647923,0.7004381879647971,-0.5149021131677839,-0.45081545311532756,-0.004023277452946043,,,-0.5912433755287064
,0.24283704047894847,-1.2826829358500222,0.2284705892819717,-0.7240376823257747,0.06123233626131497,-0.62406503393052,-1.3566793682954223,-0.7867336182987863,,,-1.6129883205877358
,1.5103279346861438,2.510918323584002,2.0648163585342507,2.760109919369888,0.380835262113056,2.410664163273543,2.4479490754609756,1.7179394724079027,,,2.1334098112953717
,0.24283704047894847,0.8850892123979917,-1.6078751799703075,-0.7687062413218729,2.2984528172235024,-0.8533071675322658,0.2738756790287482,-2.0390701636521307,,,0.7710832178833327
,1.5103279346861438,2.6915660026046697,2.0648163585342507,2.0454129754323165,2.2984528172235024,1.3190349556461818,1.9044307263529185,1.4048553360695664,,,3.495736404707411
,-0.3909084066246492,-0.9213875778086865,0.2284705892819717,-0.4560263283491853,0.7004381879647971,-0.12191559842193413,-1.1755065852594033,0.46560292705455814,,,0.08991992117731316
,-0.3909084066246492,-1.2826829358500222,-0.9192455165007027,-0.7910405208199222,1.0200411138165382,-0.8423908754559921,-1.3566793682954223,-2.0390701636521307,,,-0.5912433755287064
,-0.7077811301764481,-0.5600922197673509,0.2284705892819717,-0.4560263283491853,-0.8975764412939082,-0.4057391924050479,-1.1755065852594033,0.7786870633928943,,,0.4305015695303229
,-1.3415265772800458,-0.5600922197673509,-0.460159074187633,-0.7910405208199222,-0.8975764412939082,-0.7441442467695297,-1.1755065852594033,-0.004023277452946043,,,-0.2506617271756966
,-0.3909084066246492,0.523793854356656,-0.6897022953441679,-0.4560263283491853,-0.8975764412939082,-0.569483573549152,0.817394028136805,-0.7867336182987863,,,1.4522465145893524
,-0.3909084066246492,-0.018149182705347464,-0.460159074187633,-0.7687062413218729,0.7004381879647971,-0.7878094150746241,0.2738756790287482,-1.4129018909754585,,,0.08991992117731316
,-0.3909084066246492,-0.9213875778086865,-1.1487887376572377,-0.7687062413218729,0.7004381879647971,-0.7223116626169824,-1.1755065852594033,-0.4736494819604502,,,-0.9318250238817162
,1.193455211134345,-1.1020352568293543,1.605729916221181,1.8667387394479233,-1.8563852188491314,1.8321006832310416,-1.3566793682954223,2.0310236087462386,,,-1.272406672234726
,0.5597097640307473,0.16249849631532035,-0.6897022953441679,-0.6347005643335782,0.380835262113056,-0.62406503393052,0.2738756790287482,-0.4736494819604502,,,-0.5912433755287064
,-0.3909084066246492,-0.5600922197673509,0.2284705892819717,-0.4560263283491853,-0.2583705895904261,-0.3729903161762271,-0.45081545311532756,0.3090608588853901,,,0.08991992117731316
,-0.3909084066246492,-1.6439782938913579,0.2284705892819717,-0.6347005643335782,-0.2583705895904261,-0.3729903161762271,-1.1755065852594033,0.3090608588853901,,,-1.9535699689407455
,-0.3909084066246492,-0.018149182705347464,-1.1487887376572377,-0.6347005643335782,1.3396440396682792,-0.7878094150746241,-0.26964267007930864,-1.5694439591446265,,,-0.5912433755287064
,-0.3909084066246492,-1.46333061487069,-1.3783319588137726,-0.8133748003179713,1.0200411138165382,-0.8533071675322658,-1.3566793682954223,-2.0390701636521307,,,-1.6129883205877358
,0.5597097640307473,1.7883276075013308,0.6875570315950414,1.5093902674791373,1.3396440396682792,0.33656866878155733,0.817394028136805,-0.1605653456221141,,,1.4522465145893524
,-1.3415265772800458,-1.1020352568293543,-1.3783319588137726,-0.8133748003179713,-0.5779735154421671,-0.8533071675322658,-1.1755065852594033,-2.0390701636521307,,,-0.5912433755287064
,-0.7077811301764481,-0.7407398987880187,-1.6078751799703075,-0.8133748003179713,0.380835262113056,-0.8533071675322658,-1.1755065852594033,-2.0390701636521307,,,0.08991992117731316
,0.8765824875825462,0.8850892123979917,0.4580138104385066,-0.0986778563803993,-0.8975764412939082,-0.04550155388801889,0.636221245100786,0.6221449952237261,,,-0.2506617271756966
,-0.07403568307285038,-0.5600922197673509,0.2284705892819717,0.07999637960399368,-0.2583705895904261,0.150991703484906,-0.45081545311532756,0.152518790716222,,,-1.9535699689407455
,-0.7077811301764481,-1.1020352568293543,-0.460159074187633,-0.7240376823257747,0.06123233626131497,-0.62406503393052,-1.3566793682954223,-0.1605653456221141,,,-0.5912433755287064
,0.8765824875825462,-0.9213875778086865,1.3761866950646462,1.1520417955103515,0.06123233626131497,1.2644534952648139,-0.8131610191873655,1.4048553360695664,,,-0.5912433755287064
,-0.3909084066246492,1.4270322494599952,0.6875570315950414,0.07999637960399368,0.380835262113056,0.6203922627646711,0.817394028136805,0.46560292705455814,,,1.4522465145893524
,-1.024653853728247,-0.7407398987880187,-0.001072631874563209,-0.4560263283491853,-1.5367822929973902,-0.3729903161762271,-1.1755065852594033,0.9352291315620623,,,0.08991992117731316
,-1.3415265772800458,-0.5600922197673509,-0.6897022953441679,-0.7687062413218729,-0.8975764412939082,-0.7223116626169824,-1.1755065852594033,0.152518790716222,,,-0.2506617271756966
,0.24283704047894847,-0.1987968617260153,1.1466434739081113,1.1520417955103515,-0.8975764412939082,1.8430169753073151,-0.9943338022233844,2.0310236087462386,,,-0.5912433755287064
,1.8272006582379428,-0.7407398987880187,0.4580138104385066,0.07999637960399368,-1.5367822929973902,0.150991703484906,-0.26964267007930864,0.46560292705455814,,,1.4522465145893524
,-0.7077811301764481,-1.6439782938913579,-1.1487887376572377,-0.4560263283491853,0.380835262113056,-0.5039858210915104,-1.3566793682954223,0.3090608588853901,,,-2.975314913999775
,-0.07403568307285038,-0.7407398987880187,-0.460159074187633,-0.7240376823257747,-0.2583705895904261,-0.569483573549152,-1.1755065852594033,-0.31710741379128216,,,0.4305015695303229
,-0.7077811301764481,-0.3794445407466831,-0.001072631874563209,-0.4560263283491853,0.380835262113056,-0.2965762716423118,-0.9943338022233844,0.46560292705455814,,,0.08991992117731316
,-0.7077811301764481,-0.1987968617260153,-0.6897022953441679,-0.7240376823257747,-0.5779735154421671,-0.62406503393052,0.636221245100786,-0.31710741379128216,,,0.4305015695303229
,0.5597097640307473,1.2463845704393273,0.2284705892819717,0.07999637960399368,0.7004381879647971,-0.03458526181174528,0.998566811172824,0.6221449952237261,,,0.4305015695303229
,-0.7077811301764481,0.523793854356656,-0.6897022953441679,-0.4560263283491853,-0.5779735154421671,-0.5039858210915104,0.636221245100786,-0.31710741379128216,,,0.7710832178833327
,0.24283704047894847,0.3431461753359882,-0.001072631874563209,0.07999637960399368,0.380835262113056,0.1182428272560852,0.4550484620647671,0.46560292705455814,,,-0.5912433755287064
,-0.07403568307285038,0.7044415333773238,-0.9192455165007027,-0.7240376823257747,1.0200411138165382,-0.5258184052440575,0.636221245100786,-0.4736494819604502,,,-0.5912433755287064
,-1.024653853728247,0.523793854356656,-0.9192455165007027,-0.6347005643335782,0.06123233626131497,-0.4712369448626895,0.2738756790287482,-0.6301915501296182,,,-0.5912433755287064
,-1.024653853728247,-1.46333061487069,-1.6078751799703075,-0.8133748003179713,-0.5779735154421671,-0.8533071675322658,-1.3566793682954223,-2.0390701636521307,,,-1.272406672234726
,-0.3909084066246492,0.16249849631532035,-0.6897022953441679,-0.7240376823257747,0.380835262113056,-0.6895627863881616,0.4550484620647671,-0.6301915501296182,,,0.4305015695303229
,-0.07403568307285038,0.523793854356656,0.2284705892819717,-0.4560263283491853,0.06123233626131497,-0.2965762716423118,0.636221245100786,0.152518790716222,,,0.08991992117731316
,-1.024653853728247,-1.46333061487069,-1.6078751799703075,-0.8133748003179713,-0.2583705895904261,-0.8533071675322658,-1.3566793682954223,-2.1956122318212987,,,-0.5912433755287064
,-0.7077811301764481,-0.3794445407466831,-0.460159074187633,-0.7240376823257747,0.380835262113056,-0.6895627863881616,-0.45081545311532756,-1.4129018909754585,,,-0.5912433755287064
,-0.3909084066246492,0.7044415333773238,-0.6897022953441679,-0.0986778563803993,1.3396440396682792,-0.14374818257448135,0.998566811172824,-2.1956122318212987,,,0.4305015695303229
,0.24283704047894847,-0.9213875778086865,0.2284705892819717,0.07999637960399368,-1.5367822929973902,0.6203922627646711,-0.6319882361513465,0.46560292705455814,,,-0.5912433755287064
,0.8765824875825462,-1.2826829358500222,0.6875570315950414,0.43734485157277964,-1.5367822929973902,0.6858900152223127,-0.26964267007930864,0.46560292705455814,,,-0.5912433755287064
,-2.92589019503904,-1.6439782938913579,-1.1487887376572377,-0.8133748003179713,-3.7740027739595776,-0.7223116626169824,-1.3566793682954223,-2.1956122318212987,,,-2.975314913999775
,0.8765824875825462,0.8850892123979917,0.4580138104385066,-0.4560263283491853,-0.8975764412939082,-0.3729903161762271,0.636221245100786,0.6221449952237261,,,-0.2506617271756966
,-0.3909084066246492,-0.9213875778086865,-0.001072631874563209,-0.7687062413218729,0.380835262113056,-0.7223116626169824,-0.45081545311532756,-0.7867336182987863,,,-1.272406672234726
,-0.7077811301764481,-1.2826829358500222,-1.1487887376572377,-0.7910405208199222,0.7004381879647971,-0.7550605388458033,-0.9943338022233844,-1.2563598228062904,,,-2.2941516172937555
,-0.7077811301764481,0.16249849631532035,-0.6897022953441679,-0.7687062413218729,0.380835262113056,-0.62406503393052,0.2738756790287482,-1.4129018909754585,,,-0.5912433755287064
,2.1440733817897417,3.594804397708009,2.5239028008473205,2.938784155354281,2.9376586689269844,1.788435514925947,2.991467424569032,1.7179394724079027,,,4.51748134976644
,-0.07403568307285038,0.16249849631532035,-0.2306158530310981,-0.2773520923647923,0.380835262113056,-0.4384880686338687,0.817394028136805,-1.0998177546371224,,,0.7710832178833327
,-0.7077811301764481,0.16249849631532035,-0.9192455165007027,-0.6347005643335782,0.380835262113056,-0.62406503393052,0.2738756790287482,-2.1956122318212987,,,-0.5912433755287064
,-0.7077811301764481,-1.46333061487069,-1.6078751799703075,-0.8133748003179713,0.380835262113056,-0.8533071675322658,-1.3566793682954223,-2.0390701636521307,,,-0.5912433755287064
,-0.3909084066246492,-0.3794445407466831,-0.6897022953441679,-0.4560263283491853,0.7004381879647971,-0.62406503393052,0.4550484620647671,-0.7867336182987863,,,0.7710832178833327
,0.24283704047894847,1.0657368914186596,-0.2306158530310981,0.6160190875571726,1.3396440396682792,-0.04550155388801889,1.360912377244862,0.46560292705455814,,,1.1116648662363424
,0.24283704047894847,0.16249849631532035,-1.1487887376572377,-0.7687062413218729,1.6592469655200202,-0.8423908754559921,0.998566811172824,-1.8825280954829626,,,0.4305015695303229
,-0.7077811301764481,1.0657368914186596,-1.1487887376572377,-0.6347005643335782,0.7004381879647971,-0.569483573549152,0.636221245100786,-0.7867336182987863,,,0.7710832178833327
,-1.3415265772800458,0.3431461753359882,-1.1487887376572377,-0.7687062413218729,-0.5779735154421671,-0.6349813260067936,0.4550484620647671,-1.5694439591446265,,,-0.5912433755287064
,-0.07403568307285038,-0.7407398987880187,-0.9192455165007027,-0.7910405208199222,1.0200411138165382,-0.8423908754559921,-1.1755065852594033,-1.7259860273137946,,,-1.272406672234726
,0.8765824875825462,-0.1987968617260153,1.1466434739081113,0.43734485157277964,0.7004381879647971,0.511229342001935,0.2738756790287482,1.2483132679003983,,,0.08991992117731316
,0.8765824875825462,-1.6439782938913579,1.1466434739081113,0.9733675595259585,-1.2171793671456492,1.0788765299681626,-0.9943338022233844,1.0917711997312303,,,-0.2506617271756966
,0.5597097640307473,1.4270322494599952,1.1466434739081113,1.5093902674791373,0.380835262113056,1.6465237179343901,1.360912377244862,2.1875656769154066,,,2.1334098112953717
,0.24283704047894847,1.7883276075013308,-0.460159074187633,-0.0986778563803993,1.3396440396682792,-0.14374818257448135,1.179739594208843,-1.0998177546371224,,,0.08991992117731316
,-0.7077811301764481,-1.1020352568293543,-1.1487887376572377,-0.7687062413218729,0.7004381879647971,-0.62406503393052,-1.1755065852594033,-1.5694439591446265,,,0.08991992117731316
,-0.7077811301764481,-1.6439782938913579,-1.1487887376572377,-0.7240376823257747,0.06123233626131497,-0.62406503393052,-1.3566793682954223,-1.8825280954829626,,,-1.6129883205877358
,-0.07403568307285038,-1.2826829358500222,-0.9192455165007027,-0.4560263283491853,1.6592469655200202,-0.4712369448626895,-1.3566793682954223,-1.0998177546371224,,,-0.5912433755287064
,-0.3909084066246492,-1.46333061487069,-1.3783319588137726,-0.6347005643335782,1.0200411138165382,-0.5585672814728784,-1.3566793682954223,-0.31710741379128216,,,-1.6129883205877358
,-1.3415265772800458,-1.2826829358500222,-1.3783319588137726,-0.7687062413218729,-0.5779735154421671,-0.6022324497779727,-1.1755065852594033,-0.9432756864679543,,,-0.5912433755287064
,-0.7077811301764481,-0.7407398987880187,-1.6078751799703075,-0.7687062413218729,0.380835262113056,-0.6022324497779727,-0.9943338022233844,-1.4129018909754585,,,0.08991992117731316
,3.411564275996937,0.16249849631532035,3.44207568547346,4.546852279213818,-0.5779735154421671,6.5151899839524186,-0.9943338022233844,2.3441077450845746,,,-0.2506617271756966
,0.24283704047894847,-0.5600922197673509,-0.460159074187633,-0.6347005643335782,0.7004381879647971,-0.5039858210915104,-0.0884698870432897,-0.4736494819604502,,,0.08991992117731316
,-1.024653853728247,0.16249849631532035,-0.2306158530310981,-0.7240376823257747,-0.5779735154421671,-0.5149021131677839,0.2738756790287482,-0.004023277452946043,,,-0.5912433755287064
,-0.7077811301764481,-0.3794445407466831,-0.2306158530310981,-0.6347005643335782,0.7004381879647971,-0.46032065278641593,-0.9943338022233844,0.3090608588853901,,,0.08991992117731316
,0.5597097640307473,0.3431461753359882,1.3761866950646462,0.7946933235415656,-1.5367822929973902,0.6422248469172183,0.636221245100786,1.2483132679003983,,,1.4522465145893524
,-0.7077811301764481,-0.3794445407466831,-0.6897022953441679,-0.7910405208199222,-0.5779735154421671,-0.7441442467695297,-0.0884698870432897,-0.31710741379128216,,,-0.2506617271756966
,-0.3909084066246492,-0.9213875778086865,0.4580138104385066,0.07999637960399368,-1.2171793671456492,0.17282428763745322,-1.1755065852594033,1.0917711997312303,,,-0.2506617271756966
,0.24283704047894847,-0.1987968617260153,-0.6897022953441679,-0.7240376823257747,0.06123233626131497,-0.6895627863881616,0.09270289599272924,-0.4736494819604502,,,-0.5912433755287064
,-1.024653853728247,-0.7407398987880187,-0.2306158530310981,-0.7687062413218729,-0.8975764412939082,-0.7223116626169824,-0.45081545311532756,-0.1605653456221141,,,-0.5912433755287064
,0.24283704047894847,-0.5600922197673509,1.1466434739081113,0.07999637960399368,0.06123233626131497,0.052745074798443564,-0.26964267007930864,0.46560292705455814,,,-0.9318250238817162
,-0.3909084066246492,-1.2826829358500222,-0.6897022953441679,-0.7910405208199222,0.06123233626131497,-0.8205582913034449,-0.8131610191873655,-1.4129018909754585,,,-1.272406672234726
,-0.3909084066246492,-0.1987968617260153,0.9171002527515764,0.6160190875571726,-0.8975764412939082,0.6203922627646711,-1.1755065852594033,1.5613974042387344,,,0.08991992117731316
,1.5103279346861438,1.6076799284806629,0.6875570315950414,1.5093902674791373,1.0200411138165382,0.8059692280613224,1.7232579433168997,0.152518790716222,,,1.1116648662363424
,1.193455211134345,-0.018149182705347464,0.2284705892819717,0.07999637960399368,0.06123233626131497,0.150991703484906,0.09270289599272924,0.7786870633928943,,,-0.5912433755287064
,-0.7077811301764481,1.0657368914186596,-0.001072631874563209,0.07999637960399368,0.380835262113056,-0.13283189049820773,0.4550484620647671,0.46560292705455814,,,1.7928281629423621
,0.5597097640307473,1.4270322494599952,0.6875570315950414,1.5093902674791373,1.6592469655200202,0.7077225993748599,1.5420851602808807,0.46560292705455814,,,1.1116648662363424
,0.24283704047894847,0.3431461753359882,0.2284705892819717,0.07999637960399368,1.0200411138165382,0.03091249064589635,0.4550484620647671,0.152518790716222,,,-0.5912433755287064
,0.8765824875825462,-0.018149182705347464,-0.2306158530310981,-0.2773520923647923,0.06123233626131497,-0.2310785191846702,0.2738756790287482,0.152518790716222,,,-0.2506617271756966
,-0.7077811301764481,-1.2826829358500222,-0.2306158530310981,-0.7240376823257747,-1.5367822929973902,-0.5803998656254256,-0.6319882361513465,-0.004023277452946043,,,-0.5912433755287064
,-2.92589019503904,-1.6439782938913579,-1.1487887376572377,-0.7687062413218729,-3.7740027739595776,-0.6677302022356144,-1.3566793682954223,-1.8825280954829626,,,-2.975314913999775
,0.24283704047894847,-0.3794445407466831,0.6875570315950414,0.25867061558838667,0.7004381879647971,0.27107091632391567,-0.0884698870432897,0.3090608588853901,,,0.4305015695303229
,-1.3415265772800458,-1.1020352568293543,-0.460159074187633,-0.8133748003179713,-0.8975764412939082,-0.8096419992271713,-1.1755065852594033,-1.2563598228062904,,,0.08991992117731316
,-1.024653853728247,-0.5600922197673509,-0.460159074187633,-0.7240376823257747,-0.2583705895904261,-0.6568139101593409,-1.1755065852594033,0.46560292705455814,,,0.08991992117731316
,-0.3909084066246492,-0.9213875778086865,-0.001072631874563209,-0.7240376823257747,-0.2583705895904261,-0.62406503393052,-1.1755065852594033,0.46560292705455814,,,-1.272406672234726
,-0.07403568307285038,-0.3794445407466831,0.6875570315950414,0.07999637960399368,0.380835262113056,0.38023383708665176,-0.6319882361513465,0.46560292705455814,,,-0.5912433755287064
,-0.3909084066246492,-0.018149182705347464,-0.460159074187633,-0.2773520923647923,1.0200411138165382,-0.2310785191846702,0.4550484620647671,0.3090608588853901,,,-0.5912433755287064
,-0.3909084066246492,-1.2826829358500222,-1.6078751799703075,-0.8133748003179713,1.0200411138165382,-0.8533071675322658,-1.1755065852594033,-1.8825280954829626,,,0.08991992117731316
,-1.3415265772800458,0.3431461753359882,0.4580138104385066,0.07999637960399368,-0.8975764412939082,0.6094759706883974,0.4550484620647671,0.6221449952237261,,,0.08991992117731316
,-1.3415265772800458,-0.3794445407466831,-0.001072631874563209,-0.0986778563803993,-0.8975764412939082,-0.012752677659198073,0.2738756790287482,0.3090608588853901,,,-0.2506617271756966
,-0.7077811301764481,-0.3794445407466831,-0.6897022953441679,-0.4560263283491853,0.7004381879647971,-0.5039858210915104,0.4550484620647671,-0.7867336182987863,,,-0.5912433755287064
,-0.7077811301764481,0.16249849631532035,0.2284705892819717,-0.0986778563803993,0.7004381879647971,0.44573158954429337,0.2738756790287482,0.3090608588853901,,,0.4305015695303229
,-1.024653853728247,-0.018149182705347464,-0.2306158530310981,-0.2773520923647923,0.06123233626131497,-0.2310785191846702,0.2738756790287482,-0.004023277452946043,,,-0.2506617271756966
,0.5597097640307473,0.16249849631532035,-0.2306158530310981,-0.4560263283491853,-0.8975764412939082,-0.5149021131677839,-0.6319882361513465,-0.1605653456221141,,,-0.5912433755287064
,-0.07403568307285038,0.8850892123979917,0.2284705892819717,-0.2773520923647923,0.380835262113056,-0.3729903161762271,0.2738756790287482,-0.004023277452946043,,,0.4305015695303229
,1.5103279346861438,0.16249849631532035,-1.1487887376572377,-0.4560263283491853,4.855276224037431,-0.62406503393052,0.817394028136805,-2.1956122318212987,,,0.7710832178833327
,-0.3909084066246492,-0.3794445407466831,-1.3783319588137726,-0.7687062413218729,1.0200411138165382,-0.7878094150746241,-0.0884698870432897,-1.2563598228062904,,,-1.6129883205877358
,-0.3909084066246492,-0.3794445407466831,-0.2306158530310981,-0.2773520923647923,0.06123233626131497,-0.04550155388801889,-0.26964267007930864,0.46560292705455814,,,0.08991992117731316
,-0.3909084066246492,-0.7407398987880187,-0.6897022953441679,-0.7687062413218729,0.7004381879647971,-0.7441442467695297,-0.9943338022233844,-0.4736494819604502,,,0.08991992117731316
,-0.3909084066246492,-0.3794445407466831,-0.460159074187633,-0.7240376823257747,0.06123233626131497,-0.5803998656254256,-0.26964267007930864,0.152518790716222,,,-0.2506617271756966
,-0.3909084066246492,0.8850892123979917,0.2284705892819717,0.07999637960399368,1.0200411138165382,-0.13283189049820773,0.636221245100786,-1.4129018909754585,,,0.7710832178833327
,-0.3909084066246492,-0.7407398987880187,0.2284705892819717,0.25867061558838667,-0.8975764412939082,0.33656866878155733,-0.6319882361513465,0.6221449952237261,,,0.08991992117731316
,1.5103279346861438,0.16249849631532035,1.605729916221181,0.07999637960399368,-0.8975764412939082,-0.06733413804056611,0.4550484620647671,0.3090608588853901,,,-0.5912433755287064
,-0.7077811301764481,-0.5600922197673509,0.2284705892819717,-0.2773520923647923,0.06123233626131497,-0.3074925637185854,-0.0884698870432897,0.46560292705455814,,,0.08991992117731316
,0.24283704047894847,0.8850892123979917,0.6875570315950414,0.9733675595259585,0.380835262113056,0.6203922627646711,0.817394028136805,-0.004023277452946043,,,1.1116648662363424
,1.193455211134345,0.8850892123979917,0.4580138104385066,0.43734485157277964,0.380835262113056,0.5221456340782086,0.636221245100786,0.6221449952237261,,,-0.2506617271756966
,1.193455211134345,1.2463845704393273,0.9171002527515764,0.7946933235415656,-0.8975764412939082,0.7950529359850488,0.998566811172824,0.9352291315620623,,,0.4305015695303229
,0.8765824875825462,0.8850892123979917,0.4580138104385066,0.25867061558838667,-0.8975764412939082,0.33656866878155733,0.636221245100786,0.6221449952237261,,,-0.2506617271756966
,1.193455211134345,1.2463845704393273,0.9171002527515764,0.6160190875571726,-0.8975764412939082,0.6858900152223127,0.998566811172824,0.9352291315620623,,,0.4305015695303229
,0.8765824875825462,0.8850892123979917,0.4580138104385066,0.43734485157277964,-0.2583705895904261,0.4348152974680198,1.360912377244862,0.6221449952237261,,,0.4305015695303229
,1.193455211134345,1.7883276075013308,1.3761866950646462,0.9733675595259585,0.380835262113056,1.0788765299681626,1.360912377244862,1.2483132679003983,,,0.4305015695303229
,1.193455211134345,0.8850892123979917,0.4580138104385066,0.6160190875571726,-0.2583705895904261,0.6203922627646711,1.360912377244862,0.6221449952237261,,,0.4305015695303229
,1.193455211134345,1.6076799284806629,1.3761866950646462,0.9733675595259585,-0.8975764412939082,1.0788765299681626,0.998566811172824,1.2483132679003983,,,-0.2506617271756966
,1.193455211134345,1.6076799284806629,1.3761866950646462,1.5093902674791373,-0.8975764412939082,1.0788765299681626,0.998566811172824,1.2483132679003983,,,-0.2506617271756966
,-0.07403568307285038,-1.1020352568293543,0.4580138104385066,0.07999637960399368,0.06123233626131497,0.150991703484906,-0.9943338022233844,0.46560292705455814,,,-0.5912433755287064
,1.193455211134345,1.6076799284806629,1.3761866950646462,0.7946933235415656,-0.8975764412939082,0.9697136092054265,0.998566811172824,1.2483132679003983,,,-0.2506617271756966
,0.8765824875825462,0.3431461753359882,0.6875570315950414,0.25867061558838667,-0.8975764412939082,0.5876433865358502,-0.45081545311532756,0.46560292705455814,,,-0.2506617271756966
,0.24283704047894847,1.4270322494599952,0.4580138104385066,0.43734485157277964,1.0200411138165382,0.5221456340782086,1.5420851602808807,0.6221449952237261,,,1.1116648662363424
,-0.7077811301764481,1.0657368914186596,-0.460159074187633,-0.2773520923647923,0.380835262113056,-0.14374818257448135,0.998566811172824,0.152518790716222,,,0.08991992117731316
,-1.024653853728247,0.7044415333773238,-0.9192455165007027,-0.6347005643335782,-0.2583705895904261,-0.4275717765575951,0.817394028136805,-0.6301915501296182,,,0.08991992117731316
,-1.9752720243836435,-0.9213875778086865,0.2284705892819717,-0.7687062413218729,-2.1759881447008724,-0.62406503393052,-0.9943338022233844,-0.31710741379128216,,,-1.9535699689407455
